1
Biologie
2
Licence
10;6;30;23;7;20;17;28;9
2
Maths
3
Licence
26;11;12;11;6;29;1;25;14;3;15
3
Micro
3
Licence
16;18;13;8;3;7;23;24;28;30
4
Macro
3
Licence
13;12;28;14;11;17;9;30;16;22
5
Droit
2
Licence
13;27;18;12
6
Lettres
2
Licence
5;19;4;26;14;13;24;8;12;11
7
Philo
1
Licence
4;14;9;8;1;26;29;30;2;24;28
8
Histoire
3
Licence
29;25;1;28;16;27;8;17;13
9
C++
2
Licence
30;12;6
10
R
2
Licence
5;11;21;29;10;16;15;1
11
Biologie
3
Master
42;43;32;41;38
12
Maths
1
Master
35;32;33
13
Micro
3
Master
44;41;45
14
Macro
2
Master
39;33;43;44;31;42
15
Droit
3
Master
40;37;38
16
Lettres
3
Master
45;33;36;43;37
17
Philo
3
Master
32;42;45;40;31;41
18
Histoire
3
Master
32;39
19
C++
2
Master
31;42;34;37
20
R
1
Master
42;37;33;40
